{
  "dataset_revision": "d3fb88f8f02e40887cd149695127462bbcf29b4a",
  "evaluation_time": 5.183926105499268,
  "kg_co2_emissions": null,
  "mteb_version": "1.14.15",
  "scores": {
    "test": [
      {
        "cosine_pearson": 0.8659612727828603,
        "cosine_spearman": 0.8583087137728063,
        "euclidean_pearson": 0.8464267159338177,
        "euclidean_spearman": 0.8583087137728063,
        "hf_subset": "default",
        "languages": [
          "eng-Latn"
        ],
        "main_score": 0.8583087137728063,
        "manhattan_pearson": 0.8570909201286793,
        "manhattan_spearman": 0.8596460936435043,
        "pearson": 0.8659612727828603,
        "spearman": 0.8583087137728063
      }
    ]
  },
  "task_name": "BIOSSES"
}