{
  "dataset_revision": "c5a29a104738b98a9e76336939199e264163d4a0",
  "evaluation_time": 28112.78920674324,
  "kg_co2_emissions": null,
  "mteb_version": "1.14.15",
  "scores": {
    "dev": [
      {
        "hf_subset": "default",
        "languages": [
          "eng-Latn"
        ],
        "main_score": 0.47238,
        "map_at_1": 0.26119,
        "map_at_10": 0.39766,
        "map_at_100": 0.40847,
        "map_at_1000": 0.40882,
        "map_at_20": 0.40461,
        "map_at_3": 0.35667,
        "map_at_5": 0.38066,
        "mrr_at_1": 0.2689111747851003,
        "mrr_at_10": 0.4039755309955886,
        "mrr_at_100": 0.41408121243842333,
        "mrr_at_1000": 0.41437449012095146,
        "mrr_at_20": 0.4105487580788417,
        "mrr_at_3": 0.3640878701050627,
        "mrr_at_5": 0.3875620821394463,
        "nauc_map_at_1000_diff1": 0.3998998212778958,
        "nauc_map_at_1000_max": 0.1559645055297053,
        "nauc_map_at_1000_std": -0.20569030100509011,
        "nauc_map_at_100_diff1": 0.39988648023087525,
        "nauc_map_at_100_max": 0.15613879964576008,
        "nauc_map_at_100_std": -0.20538248542026236,
        "nauc_map_at_10_diff1": 0.3988019792742319,
        "nauc_map_at_10_max": 0.1548900524006523,
        "nauc_map_at_10_std": -0.212047533776878,
        "nauc_map_at_1_diff1": 0.42745349973450386,
        "nauc_map_at_1_max": 0.13355853021671452,
        "nauc_map_at_1_std": -0.18991398512806423,
        "nauc_map_at_20_diff1": 0.3992156613912966,
        "nauc_map_at_20_max": 0.15627187592069072,
        "nauc_map_at_20_std": -0.20680113879390696,
        "nauc_map_at_3_diff1": 0.399974069898003,
        "nauc_map_at_3_max": 0.14326178611684506,
        "nauc_map_at_3_std": -0.21725322969825978,
        "nauc_map_at_5_diff1": 0.397544604866648,
        "nauc_map_at_5_max": 0.15006870414790205,
        "nauc_map_at_5_std": -0.21700337702850153,
        "nauc_mrr_at_1000_diff1": 0.39928512394832344,
        "nauc_mrr_at_1000_max": 0.15629735001277484,
        "nauc_mrr_at_1000_std": -0.20268640135576807,
        "nauc_mrr_at_100_diff1": 0.39927490443300023,
        "nauc_mrr_at_100_max": 0.15647620571895687,
        "nauc_mrr_at_100_std": -0.20238323340406214,
        "nauc_mrr_at_10_diff1": 0.3983475591137612,
        "nauc_mrr_at_10_max": 0.1555993531984175,
        "nauc_mrr_at_10_std": -0.2083691814120607,
        "nauc_mrr_at_1_diff1": 0.42601711793627156,
        "nauc_mrr_at_1_max": 0.13503932215044154,
        "nauc_mrr_at_1_std": -0.1878040260775994,
        "nauc_mrr_at_20_diff1": 0.39863892692411607,
        "nauc_mrr_at_20_max": 0.1568649896973148,
        "nauc_mrr_at_20_std": -0.20329235563648862,
        "nauc_mrr_at_3_diff1": 0.39873330543715213,
        "nauc_mrr_at_3_max": 0.1440273581805097,
        "nauc_mrr_at_3_std": -0.21497091878550706,
        "nauc_mrr_at_5_diff1": 0.3971053589525781,
        "nauc_mrr_at_5_max": 0.15125588064614778,
        "nauc_mrr_at_5_std": -0.21372841992590516,
        "nauc_ndcg_at_1000_diff1": 0.39530182010129317,
        "nauc_ndcg_at_1000_max": 0.16721078036825326,
        "nauc_ndcg_at_1000_std": -0.19333446229997675,
        "nauc_ndcg_at_100_diff1": 0.3952495437545947,
        "nauc_ndcg_at_100_max": 0.17316175958553545,
        "nauc_ndcg_at_100_std": -0.18167108179801433,
        "nauc_ndcg_at_10_diff1": 0.39060097577182407,
        "nauc_ndcg_at_10_max": 0.1703188717594285,
        "nauc_ndcg_at_10_std": -0.21087768427189857,
        "nauc_ndcg_at_1_diff1": 0.42601711793627156,
        "nauc_ndcg_at_1_max": 0.13503932215044154,
        "nauc_ndcg_at_1_std": -0.1878040260775994,
        "nauc_ndcg_at_20_diff1": 0.3913715123963872,
        "nauc_ndcg_at_20_max": 0.17577613449488744,
        "nauc_ndcg_at_20_std": -0.1905270718022563,
        "nauc_ndcg_at_3_diff1": 0.3918589487419897,
        "nauc_ndcg_at_3_max": 0.1457528860178114,
        "nauc_ndcg_at_3_std": -0.22454121752010495,
        "nauc_ndcg_at_5_diff1": 0.38764841153227625,
        "nauc_ndcg_at_5_max": 0.15867435457401843,
        "nauc_ndcg_at_5_std": -0.22386924529689678,
        "nauc_precision_at_1000_diff1": -0.04470494643119554,
        "nauc_precision_at_1000_max": 0.05532704785018603,
        "nauc_precision_at_1000_std": 0.08431501972980776,
        "nauc_precision_at_100_diff1": 0.13915615975206203,
        "nauc_precision_at_100_max": 0.2093263683604223,
        "nauc_precision_at_100_std": 0.1771841847550733,
        "nauc_precision_at_10_diff1": 0.3189775703647926,
        "nauc_precision_at_10_max": 0.2147296249503087,
        "nauc_precision_at_10_std": -0.17908516797279903,
        "nauc_precision_at_1_diff1": 0.42601711793627156,
        "nauc_precision_at_1_max": 0.13503932215044154,
        "nauc_precision_at_1_std": -0.1878040260775994,
        "nauc_precision_at_20_diff1": 0.2789782616667338,
        "nauc_precision_at_20_max": 0.2417121414076122,
        "nauc_precision_at_20_std": -0.05243858031824212,
        "nauc_precision_at_3_diff1": 0.3610358380302458,
        "nauc_precision_at_3_max": 0.14942314403638854,
        "nauc_precision_at_3_std": -0.24229120472212184,
        "nauc_precision_at_5_diff1": 0.33658093041588133,
        "nauc_precision_at_5_max": 0.178340962571853,
        "nauc_precision_at_5_std": -0.23350679607104,
        "nauc_recall_at_1000_diff1": 0.16650780162252618,
        "nauc_recall_at_1000_max": 0.519145485909716,
        "nauc_recall_at_1000_std": 0.6939899555327731,
        "nauc_recall_at_100_diff1": 0.3588717637896406,
        "nauc_recall_at_100_max": 0.3931009514053865,
        "nauc_recall_at_100_std": 0.2807382512953391,
        "nauc_recall_at_10_diff1": 0.35701952208794363,
        "nauc_recall_at_10_max": 0.22909702960394754,
        "nauc_recall_at_10_std": -0.20011356717361004,
        "nauc_recall_at_1_diff1": 0.42745349973450386,
        "nauc_recall_at_1_max": 0.13355853021671452,
        "nauc_recall_at_1_std": -0.18991398512806423,
        "nauc_recall_at_20_diff1": 0.3501347244311519,
        "nauc_recall_at_20_max": 0.280791849525668,
        "nauc_recall_at_20_std": -0.07596941121600616,
        "nauc_recall_at_3_diff1": 0.36697694842739764,
        "nauc_recall_at_3_max": 0.15087805237942867,
        "nauc_recall_at_3_std": -0.24483946120544273,
        "nauc_recall_at_5_diff1": 0.3540436459395654,
        "nauc_recall_at_5_max": 0.18303370938978983,
        "nauc_recall_at_5_std": -0.244618489698988,
        "ndcg_at_1": 0.26891,
        "ndcg_at_10": 0.47238,
        "ndcg_at_100": 0.5229,
        "ndcg_at_1000": 0.53095,
        "ndcg_at_20": 0.49675,
        "ndcg_at_3": 0.38951,
        "ndcg_at_5": 0.43208,
        "precision_at_1": 0.26891,
        "precision_at_10": 0.07345,
        "precision_at_100": 0.00987,
        "precision_at_1000": 0.00106,
        "precision_at_20": 0.0418,
        "precision_at_3": 0.16519,
        "precision_at_5": 0.12086,
        "recall_at_1": 0.26119,
        "recall_at_10": 0.7017,
        "recall_at_100": 0.93235,
        "recall_at_1000": 0.99256,
        "recall_at_20": 0.79599,
        "recall_at_3": 0.47714,
        "recall_at_5": 0.57913
      }
    ]
  },
  "task_name": "MSMARCO"
}