{
  "dataset_revision": "d3c5e1fc0b855ab6097bf1cda04dd73947d7caab",
  "evaluation_time": 306.5418162345886,
  "kg_co2_emissions": null,
  "mteb_version": "1.14.15",
  "scores": {
    "test": [
      {
        "hf_subset": "default",
        "languages": [
          "eng-Latn"
        ],
        "main_score": 0.8762672056519489,
        "map": 0.8762672056519489,
        "mrr": 0.9675288491464962,
        "nAUC_map_diff1": -0.10979336734379477,
        "nAUC_map_max": 0.5098762609235208,
        "nAUC_map_std": 0.68765950990151,
        "nAUC_mrr_diff1": 0.26032783373787916,
        "nAUC_mrr_max": 0.824844792677926,
        "nAUC_mrr_std": 0.820357865297397
      }
    ]
  },
  "task_name": "SciDocsRR"
}