{
  "dataset_revision": "20a6d6f312dd54037fe07a32d58e5e168867909d",
  "evaluation_time": 36.85299229621887,
  "kg_co2_emissions": null,
  "mteb_version": "1.14.15",
  "scores": {
    "test": [
      {
        "cosine_pearson": 0.8437281363343188,
        "cosine_spearman": 0.8330200195593044,
        "euclidean_pearson": 0.8167701335794368,
        "euclidean_spearman": 0.833019997653498,
        "hf_subset": "default",
        "languages": [
          "eng-Latn"
        ],
        "main_score": 0.8330200195593044,
        "manhattan_pearson": 0.8180922925216795,
        "manhattan_spearman": 0.8245409932874257,
        "pearson": 0.8437281363343188,
        "spearman": 0.8330200195593044
      }
    ]
  },
  "task_name": "SICK-R"
}