{
  "dataset_revision": "d66bd1f72af766a5cc4b0ca5e00c162f89e8cc46",
  "evaluation_time": 29.25092601776123,
  "kg_co2_emissions": null,
  "mteb_version": "1.14.15",
  "scores": {
    "test": [
      {
        "cosine_accuracy": 0.9986039603960396,
        "cosine_accuracy_threshold": 0.7246292233467102,
        "cosine_ap": 0.9699637561187769,
        "cosine_f1": 0.9288956127080181,
        "cosine_f1_threshold": 0.7246292233467102,
        "cosine_precision": 0.9369277721261444,
        "cosine_recall": 0.921,
        "dot_accuracy": 0.9986039603960396,
        "dot_accuracy_threshold": 0.7246291637420654,
        "dot_ap": 0.969963756118777,
        "dot_f1": 0.9288956127080181,
        "dot_f1_threshold": 0.7246291637420654,
        "dot_precision": 0.9369277721261444,
        "dot_recall": 0.921,
        "euclidean_accuracy": 0.9986039603960396,
        "euclidean_accuracy_threshold": 0.7421196699142456,
        "euclidean_ap": 0.9699637561187768,
        "euclidean_f1": 0.9288956127080181,
        "euclidean_f1_threshold": 0.7421196699142456,
        "euclidean_precision": 0.9369277721261444,
        "euclidean_recall": 0.921,
        "hf_subset": "default",
        "languages": [
          "eng-Latn"
        ],
        "main_score": 0.969963756118777,
        "manhattan_accuracy": 0.9981980198019802,
        "manhattan_accuracy_threshold": 26.087604522705078,
        "manhattan_ap": 0.9618773334150894,
        "manhattan_f1": 0.9074262461851477,
        "manhattan_f1_threshold": 26.087604522705078,
        "manhattan_precision": 0.9233954451345756,
        "manhattan_recall": 0.892,
        "max_accuracy": 0.9986039603960396,
        "max_ap": 0.969963756118777,
        "max_f1": 0.9288956127080181,
        "max_precision": 0.9369277721261444,
        "max_recall": 0.921,
        "similarity_accuracy": 0.9986039603960396,
        "similarity_accuracy_threshold": 0.7246292233467102,
        "similarity_ap": 0.9699637561187769,
        "similarity_f1": 0.9288956127080181,
        "similarity_f1_threshold": 0.7246292233467102,
        "similarity_precision": 0.9369277721261444,
        "similarity_recall": 0.921
      }
    ]
  },
  "task_name": "SprintDuplicateQuestions"
}