{
  "dataset_revision": "e185fbe320c72810689fc5848eb6114e1ef5ec69",
  "evaluation_time": 281.199832201004,
  "kg_co2_emissions": null,
  "mteb_version": "1.14.15",
  "scores": {
    "test": [
      {
        "hf_subset": "default",
        "languages": [
          "eng-Latn"
        ],
        "main_score": 0.5879234574748243,
        "map": 0.5879234574748243,
        "mrr": 0.5987494429590018,
        "nAUC_map_diff1": 0.4336254267831821,
        "nAUC_map_max": 0.13241350111456593,
        "nAUC_map_std": 0.06075720164270261,
        "nAUC_mrr_diff1": 0.436953851299995,
        "nAUC_mrr_max": 0.14587424770057197,
        "nAUC_mrr_std": 0.06683981115477786
      }
    ]
  },
  "task_name": "StackOverflowDupQuestions"
}