{
  "dataset_revision": "ae752c7c21bf194d8b67fd573edf7ae58183cbe3",
  "evaluation_time": 11.984987735748291,
  "kg_co2_emissions": null,
  "mteb_version": "1.14.15",
  "scores": {
    "test": [
      {
        "cosine_pearson": 0.8969909533656705,
        "cosine_spearman": 0.8974723322749233,
        "euclidean_pearson": 0.887169991211476,
        "euclidean_spearman": 0.897472332075485,
        "hf_subset": "default",
        "languages": [
          "eng-Latn"
        ],
        "main_score": 0.8974723322749233,
        "manhattan_pearson": 0.8737922931937201,
        "manhattan_spearman": 0.8747352246770793,
        "pearson": 0.8969909533656705,
        "spearman": 0.8974723322749233
      }
    ]
  },
  "task_name": "STS15"
}