{
  "dataset_revision": "faeb762787bd10488a50c8b5be4a3b82e411949c",
  "evaluation_time": 0.9508814811706543,
  "kg_co2_emissions": null,
  "mteb_version": "1.14.15",
  "scores": {
    "test": [
      {
        "cosine_pearson": 0.9143391567649912,
        "cosine_spearman": 0.9086953801008368,
        "euclidean_pearson": 0.9124907274014495,
        "euclidean_spearman": 0.9086953801008368,
        "hf_subset": "en-en",
        "languages": [
          "eng-Latn"
        ],
        "main_score": 0.9086953801008368,
        "manhattan_pearson": 0.9227103413151776,
        "manhattan_spearman": 0.9170510079315307,
        "pearson": 0.9143391567649912,
        "spearman": 0.9086953801008368
      }
    ]
  },
  "task_name": "STS17"
}