{
  "dataset_revision": "de9d86b3b84231dc21f76c7b7af1f28e2f57f6e3",
  "evaluation_time": 7.139509201049805,
  "kg_co2_emissions": null,
  "mteb_version": "1.14.15",
  "scores": {
    "test": [
      {
        "cosine_pearson": 0.6881338409687908,
        "cosine_spearman": 0.6809215270009087,
        "euclidean_pearson": 0.6864603879303112,
        "euclidean_spearman": 0.6809215270009087,
        "hf_subset": "en",
        "languages": [
          "eng-Latn"
        ],
        "main_score": 0.6809215270009087,
        "manhattan_pearson": 0.6946795022258881,
        "manhattan_spearman": 0.6827576057587602,
        "pearson": 0.6881338409687908,
        "spearman": 0.6809215270009087
      }
    ]
  },
  "task_name": "STS22"
}