{
  "dataset_revision": "b0fddb56ed78048fa8b90373c8a3cfc37b684831",
  "evaluation_time": 5.691731691360474,
  "kg_co2_emissions": null,
  "mteb_version": "1.14.15",
  "scores": {
    "test": [
      {
        "cosine_pearson": 0.8793191595794555,
        "cosine_spearman": 0.8846646307403642,
        "euclidean_pearson": 0.873793925878407,
        "euclidean_spearman": 0.8846646307403642,
        "hf_subset": "default",
        "languages": [
          "eng-Latn"
        ],
        "main_score": 0.8846646307403642,
        "manhattan_pearson": 0.8642857012902717,
        "manhattan_spearman": 0.8676733082091621,
        "pearson": 0.8793191595794555,
        "spearman": 0.8846646307403642
      }
    ]
  },
  "task_name": "STSBenchmark"
}