{
  "dataset_revision": "cda12ad7615edc362dbf25a00fdd61d3b1eaf93c",
  "evaluation_time": 13.836011171340942,
  "kg_co2_emissions": null,
  "mteb_version": "1.14.15",
  "scores": {
    "test": [
      {
        "cosine_pearson": 0.29605378173647523,
        "cosine_spearman": 0.29538937618105476,
        "dot_pearson": 0.29605381018751536,
        "dot_spearman": 0.29538937618105476,
        "hf_subset": "default",
        "languages": [
          "eng-Latn"
        ],
        "main_score": 0.29538937618105476,
        "pearson": 0.29605378173647523,
        "spearman": 0.29538937618105476
      }
    ]
  },
  "task_name": "SummEval"
}