{
  "dataset_revision": "8b6510b0b1fa4e4c4f879467980e9be563ec1cdf",
  "evaluation_time": 125.77384614944458,
  "kg_co2_emissions": null,
  "mteb_version": "1.14.15",
  "scores": {
    "test": [
      {
        "cosine_accuracy": 0.8948073116777273,
        "cosine_accuracy_threshold": 0.7383834719657898,
        "cosine_ap": 0.870424826208936,
        "cosine_f1": 0.7940769846467293,
        "cosine_f1_threshold": 0.7096807956695557,
        "cosine_precision": 0.7527245137260312,
        "cosine_recall": 0.8402371419772098,
        "dot_accuracy": 0.8948073116777273,
        "dot_accuracy_threshold": 0.7383835315704346,
        "dot_ap": 0.8704248357792485,
        "dot_f1": 0.7940769846467293,
        "dot_f1_threshold": 0.7096806764602661,
        "dot_precision": 0.7527245137260312,
        "dot_recall": 0.8402371419772098,
        "euclidean_accuracy": 0.8948073116777273,
        "euclidean_accuracy_threshold": 0.7233483791351318,
        "euclidean_ap": 0.8704247988177627,
        "euclidean_f1": 0.7940769846467293,
        "euclidean_f1_threshold": 0.7619963884353638,
        "euclidean_precision": 0.7527245137260312,
        "euclidean_recall": 0.8402371419772098,
        "hf_subset": "default",
        "languages": [
          "eng-Latn"
        ],
        "main_score": 0.8737453072241572,
        "manhattan_accuracy": 0.8967283735009897,
        "manhattan_accuracy_threshold": 33.45201873779297,
        "manhattan_ap": 0.8737453072241572,
        "manhattan_f1": 0.7992376568736741,
        "manhattan_f1_threshold": 35.92564010620117,
        "manhattan_precision": 0.7498144524660955,
        "manhattan_recall": 0.8556359716661533,
        "max_accuracy": 0.8967283735009897,
        "max_ap": 0.8737453072241572,
        "max_f1": 0.7992376568736741,
        "max_precision": 0.7527245137260312,
        "max_recall": 0.8556359716661533,
        "similarity_accuracy": 0.8948073116777273,
        "similarity_accuracy_threshold": 0.7383834719657898,
        "similarity_ap": 0.870424826208936,
        "similarity_f1": 0.7940769846467293,
        "similarity_f1_threshold": 0.7096807956695557,
        "similarity_precision": 0.7527245137260312,
        "similarity_recall": 0.8402371419772098
      }
    ]
  },
  "task_name": "TwitterURLCorpus"
}